39400.0;39400.0;38550.0;3469790625;7847664;38750.0
38300.0;38550.0;37450.0;336681640625;12471493;37600.0
37450.0;37600.0;36850.0;3353384765625;14108958;37450.0
38000.0;38900.0;37800.0;3469790625;12748997;38750.0
38000.0;39200.0;37950.0;341158671875;12756554;38100.0
38650.0;39600.0;38300.0;354590234375;17452708;39600.0
40000.0;40150.0;39600.0;35638109375;14731699;39800.0
40350.0;40550.0;39950.0;3626491015625;11661063;40500.0
40450.0;40700.0;39850.0;3586196484375;11984996;40050.0
40050.0;41100.0;39850.0;3680216796875;11492756;41100.0
41150.0;41450.0;40700.0;3711556640625;8491595;41450.0
41700.0;42100.0;41450.0;3756328515625;11736903;41950.0
42000.0;42400.0;41950.0;3787667578125;11029256;42300.0
42700.0;42750.0;41900.0;3827962890625;11355701;42750.0
42750.0;42850.0;41850.0;3774236328125;9964356;42150.0
41350.0;42250.0;41350.0;376080546875;11071079;42000.0
43050.0;43100.0;42350.0;3854825;14747623;43050.0
44300.0;44750.0;43750.0;4007048046875;22789395;44750.0
45000.0;45500.0;44600.0;4033911328125;17998914;45050.0
45050.0;45500.0;44350.0;4074205078125;16215017;45500.0
44800.0;46400.0;44800.0;4154794921875;17505980;46400.0
46650.0;47050.0;46150.0;4132408984375;21621145;46150.0
46650.0;46950.0;46250.0;4150316796875;13832454;46350.0
46800.0;47100.0;46200.0;41368859375;15872001;46200.0
45700.0;45700.0;44650.0;4011524609375;12689196;44800.0
44500.0;45000.0;44250.0;4029433984375;11125044;45000.0
44650.0;46250.0;44650.0;41234546875;13184367;46050.0
46400.0;46700.0;46000.0;41368859375;11299738;46200.0
46600.0;47500.0;46150.0;42532921875;17259341;47500.0
46750.0;46850.0;45650.0;41234546875;10554643;46050.0
46500.0;46850.0;45850.0;41368859375;8183728;46200.0
45850.0;46150.0;45450.0;411450;6741395;45950.0
46750.0;47100.0;46500.0;419956640625;11506720;46900.0
46500.0;47200.0;46200.0;4204043359375;8694009;46950.0
46500.0;47150.0;46450.0;42219515625;6895772;47150.0
47400.0;47550.0;47050.0;4239859765625;7484716;47350.0
47350.0;47450.0;46500.0;4186134765625;7985547;46750.0
47000.0;47250.0;46750.0;4186134765625;8045211;46750.0
46400.0;46500.0;45100.0;4038388671875;23569321;45100.0
46000.0;46100.0;44800.0;4016001953125;12926539;44850.0
44600.0;45100.0;44150.0;3962276953125;10612405;44250.0
44000.0;44300.0;43700.0;3939891015625;10202544;44000.0
43400.0;44950.0;43400.0;3980185546875;11049749;44450.0
44450.0;44800.0;43800.0;3921982421875;7729069;43800.0
44400.0;44450.0;43650.0;3908551171875;10717408;43650.0
44300.0;44950.0;44150.0;3998094140625;11431977;44650.0
44250.0;44450.0;43700.0;3926459765625;8108343;43850.0
43700.0;44300.0;43550.0;3926459765625;18039161;43850.0
43800.0;44250.0;43700.0;3957800390625;16814163;44200.0
43950.0;44150.0;43450.0;3913028515625;8188876;43700.0
43750.0;43900.0;43550.0;3930937109375;7609563;43900.0
43800.0;44200.0;43100.0;39443671875;9846242;44050.0
44600.0;46250.0;44050.0;41055453125;21138016;45850.0
46850.0;47000.0;46250.0;4168226171875;12535911;46550.0
45300.0;45650.0;44800.0;4074205078125;8699728;45500.0
45500.0;45700.0;44900.0;405181953125;9729811;45250.0
44750.0;45600.0;44250.0;406077421875;9568081;45350.0
44950.0;45200.0;44300.0;4047597265625;6821306;44850.0
44500.0;44900.0;44200.0;40295484375;11491713;44650.0
45200.0;45450.0;44850.0;4065647265625;7362129;45050.0
45550.0;46100.0;45350.0;412882109375;9480688;45750.0
46750.0;46750.0;45800.0;4205531640625;12436570;46600.0
46150.0;47100.0;46150.0;4237117578125;12650168;46950.0
46950.0;47550.0;46600.0;4228092578125;8546339;46850.0
47250.0;47250.0;46150.0;4210044140625;8507909;46650.0
46700.0;46950.0;46200.0;4210044140625;6878761;46650.0
46400.0;46700.0;46050.0;4214555078125;11883995;46700.0
46700.0;46800.0;46150.0;4173944140625;13697399;46250.0
46050.0;46900.0;46000.0;4228092578125;7668936;46850.0
47150.0;47500.0;47000.0;4246142578125;8733019;47050.0
47400.0;47400.0;46800.0;4264191796875;7730881;47250.0
47300.0;47600.0;47000.0;4246142578125;5513658;47050.0
47200.0;47250.0;45500.0;4115283203125;12808747;45600.0
45750.0;46000.0;45250.0;4088209765625;8479710;45300.0
45400.0;45900.0;45100.0;4092721484375;6006957;45350.0
45050.0;45500.0;45000.0;4079184765625;6920566;45200.0
45400.0;45650.0;44150.0;4038573046875;13299267;44750.0
44250.0;45000.0;44100.0;40295484375;10868965;44650.0
44200.0;45000.0;43800.0;4047597265625;9739982;44850.0
45150.0;46150.0;45100.0;4164919921875;8777517;46150.0
46000.0;46300.0;45350.0;41378453125;11121273;45850.0
45500.0;46150.0;45400.0;414235859375;8625126;45900.0
45900.0;46050.0;45300.0;4088209765625;6562916;45300.0
45250.0;45300.0;44400.0;4047597265625;12014907;44850.0
44300.0;44850.0;44200.0;3993449609375;10398754;44250.0
43900.0;44250.0;42450.0;3831004296875;23029718;42450.0
42600.0;43450.0;42450.0;3871615234375;14579512;42900.0
42500.0;43200.0;42350.0;384905390625;7635079;42650.0
41300.0;43100.0;41300.0;384905390625;11563730;42650.0
42700.0;43050.0;42550.0;3840028125;7670185;42550.0
42350.0;42400.0;41350.0;3749781640625;13687828;41550.0
41950.0;42050.0;40850.0;3718194921875;13357951;41200.0
41650.0;42100.0;41550.0;3790393359375;15752397;42000.0
42600.0;43950.0;42350.0;3894176953125;18812133;43150.0
43700.0;43800.0;42400.0;39257640625;11033339;43500.0
43900.0;44000.0;43250.0;3957350390625;12259006;43850.0
43800.0;43800.0;42400.0;3853566015625;13966305;42700.0
42500.0;43000.0;42350.0;384905390625;8066669;42650.0
42550.0;42950.0;42150.0;3840028125;24506881;42550.0
41850.0;42100.0;41300.0;377234296875;14930618;41800.0
42200.0;42700.0;42150.0;3840028125;11766018;42550.0
42600.0;42800.0;42150.0;3835516015625;11365999;42500.0
42950.0;43900.0;42500.0;3952837890625;15466580;43800.0
43400.0;43700.0;43000.0;39212515625;9913497;43450.0
44050.0;44200.0;43700.0;396186328125;12464135;43900.0
43600.0;44350.0;43450.0;39889375;11683682;44200.0
44300.0;44850.0;44050.0;4043084765625;8792182;44800.0
44800.0;45000.0;44550.0;4047597265625;6664872;44850.0
44800.0;45050.0;44300.0;4025036328125;8607439;44600.0
44200.0;44400.0;43400.0;394832578125;16906541;43750.0
43750.0;44150.0;43300.0;39708875;9322873;44000.0
43750.0;44050.0;43400.0;396186328125;11890424;43900.0
43750.0;44500.0;43650.0;4002474609375;7994928;44350.0
45450.0;45450.0;45000.0;4092721484375;10417690;45350.0
44850.0;45500.0;44850.0;41062578125;7147785;45500.0
45750.0;45800.0;45200.0;412430859375;9454913;45700.0
45200.0;45800.0;45200.0;41062578125;6085066;45500.0
45200.0;45800.0;45200.0;4115283203125;7076774;45600.0
45800.0;46000.0;45600.0;412430859375;9226097;45700.0
46000.0;46600.0;45750.0;42292671875;12603534;46500.0
47000.0;47000.0;46700.0;42747421875;12949231;47000.0
47350.0;47400.0;46250.0;42383625;11383522;46600.0
46200.0;46900.0;45850.0;4206528125;8463073;46250.0
45750.0;46350.0;45200.0;412921953125;9669368;45400.0
45250.0;46200.0;45250.0;4183790625;6365573;46000.0
45950.0;45950.0;45250.0;4151957421875;7235395;45650.0
44750.0;44800.0;44350.0;4038268359375;7823843;44400.0
44850.0;45450.0;44700.0;4101934375;7646421;45100.0
45550.0;46150.0;45500.0;4142862109375;9253930;45550.0
46350.0;46550.0;46150.0;420198125;10989751;46200.0
46350.0;46400.0;45800.0;42110765625;5245804;46300.0
45950.0;46650.0;45750.0;422471953125;4717226;46450.0
46450.0;46850.0;46300.0;426110;7407824;46850.0
46150.0;46350.0;45950.0;418833828125;5216602;46050.0
46450.0;46450.0;45650.0;4192886328125;5143554;46100.0
46650.0;46950.0;46600.0;4256552734375;8819393;46800.0
46800.0;47300.0;46600.0;42929328125;9009109;47200.0
47350.0;47550.0;47050.0;430202890625;9061381;47300.0
47100.0;47150.0;46250.0;4220171875;8756522;46400.0
47150.0;47200.0;46600.0;42929328125;8408838;47200.0
46650.0;47150.0;46550.0;4288385546875;7873886;47150.0
46800.0;47050.0;46000.0;4192886328125;6856846;46100.0
46300.0;46850.0;46300.0;4233815234375;5551014;46550.0
46200.0;46600.0;45000.0;4124671875;12872916;45350.0
44900.0;45500.0;44850.0;4111029296875;7811181;45200.0
44550.0;45500.0;44300.0;408829140625;12151374;44950.0
44350.0;44600.0;43600.0;399733984375;14214086;43950.0
42500.0;43800.0;42500.0;3956411328125;15083824;43500.0
43600.0;43900.0;43100.0;39291.25;10002533;43200.0
43250.0;43500.0;42650.0;3879101953125;16926881;42650.0
43250.0;43350.0;43050.0;3924577734375;9685147;43150.0
44000.0;44000.0;43550.0;39746015625;8466169;43700.0
43500.0;43500.0;42950.0;3910934375;7276979;43000.0
43900.0;44250.0;43500.0;39746015625;8750135;43700.0
43800.0;43900.0;43300.0;39927921875;9528115;43900.0
44350.0;44350.0;43500.0;396550546875;6014218;43600.0
43950.0;44600.0;43550.0;4042815234375;8434205;44450.0
44350.0;44800.0;44150.0;4047362890625;6571717;44500.0
44500.0;44700.0;43850.0;4006433984375;8061177;44050.0
43800.0;44200.0;43650.0;399733984375;5017381;43950.0
43050.0;43800.0;42950.0;396550546875;7954949;43600.0
43650.0;44200.0;43600.0;4006433984375;16883932;44050.0
44100.0;44400.0;43750.0;4015529296875;5758333;44150.0
44200.0;44200.0;43050.0;394731640625;10768862;43400.0
43750.0;44300.0;43750.0;4001887109375;9899073;44000.0
44850.0;44850.0;43650.0;3983696484375;7185537;43800.0
43550.0;43650.0;43100.0;393367265625;9774941;43250.0
43250.0;44100.0;43150.0;4010982421875;12441837;44100.0
44800.0;46100.0;44450.0;415650546875;18297430;45700.0
46500.0;46500.0;45850.0;42110765625;9896562;46300.0
46450.0;47000.0;46300.0;42656484375;9434157;46900.0
47100.0;47200.0;46550.0;42747421875;9231792;47000.0
47300.0;47400.0;46800.0;4288385546875;16141619;47150.0
47000.0;47100.0;46400.0;428383828125;15550926;47100.0
47000.0;47100.0;46800.0;42656484375;7006280;46900.0
46900.0;47700.0;46800.0;4338408984375;10413027;47700.0
48050.0;49200.0;47850.0;4470290234375;16461413;49150.0
49400.0;49600.0;49100.0;4474837109375;15460210;49200.0
49250.0;49300.0;49000.0;44839328125;7568553;49300.0
49050.0;49650.0;48850.0;450212265625;7871955;49500.0
49200.0;49350.0;48800.0;4447551953125;9187141;48900.0
49000.0;49250.0;48900.0;4474837109375;8494756;49200.0
48000.0;48700.0;48000.0;443397890625;8048041;48400.0
48050.0;49250.0;47900.0;449352578125;9497119;49050.0
48900.0;49100.0;48650.0;4475203515625;6206035;48850.0
48350.0;48400.0;47600.0;4360689453125;8382463;47600.0
47400.0;48650.0;47350.0;4397333984375;9331695;48000.0
48350.0;48700.0;47650.0;4374430859375;7047273;47750.0
47900.0;49000.0;47600.0;4479784375;14239367;48900.0
48200.0;49200.0;48000.0;44477203125;18639855;48550.0
49000.0;49450.0;48800.0;4502687890625;7783275;49150.0
50000.0;50300.0;49850.0;458055625;11130635;50000.0
49900.0;50200.0;49900.0;4589717578125;6058105;50100.0
50700.0;50900.0;50400.0;4644683984375;9136282;50700.0
50500.0;50600.0;50100.0;4626362109375;6701380;50500.0
50300.0;50900.0;49650.0;4571395703125;8483106;49900.0
49900.0;50400.0;49800.0;460803984375;4406531;50300.0
50800.0;51500.0;50700.0;4690489453125;10898729;51200.0
51300.0;51500.0;50800.0;4690489453125;8663880;51200.0
52500.0;52500.0;50500.0;4644683984375;21185785;50700.0
50800.0;51200.0;50500.0;4663006640625;7879897;50900.0
50700.0;51500.0;50700.0;46996515625;6431522;51300.0
51400.0;51700.0;50800.0;4681328515625;7581629;51100.0
50700.0;50800.0;50200.0;461720078125;8959435;50400.0
51000.0;51400.0;50300.0;461720078125;10304777;50400.0
50600.0;51200.0;50400.0;4690489453125;8467846;51200.0
51700.0;52300.0;51400.0;4791262109375;13012411;52300.0
52400.0;52700.0;52100.0;482790625;10581034;52700.0
52900.0;53500.0;52700.0;4882873828125;14361133;53300.0
53400.0;53400.0;52400.0;4846228515625;9257116;52900.0
53200.0;53300.0;52000.0;477293984375;11603290;52100.0
52200.0;52200.0;51400.0;4727133984375;8185952;51600.0
51800.0;52600.0;51600.0;4818744921875;6576148;52600.0
52500.0;52500.0;52000.0;4809583984375;6225196;52500.0
51900.0;52800.0;51900.0;4837067578125;12010018;52800.0
52900.0;53700.0;52600.0;4919517578125;9703360;53700.0
53600.0;53800.0;53200.0;49011953125;7746554;53500.0
53200.0;53500.0;52700.0;49011953125;8907177;53500.0
53400.0;53400.0;52000.0;4763778515625;12560070;52000.0
51600.0;52100.0;50600.0;4672167578125;14298646;51000.0
51000.0;51600.0;50900.0;4727133984375;8478310;51600.0
52200.0;52600.0;51700.0;4745455859375;9050625;51800.0
51900.0;52900.0;51800.0;4745455859375;27372226;51800.0
51800.0;52300.0;51600.0;478210078125;7546261;52200.0
51900.0;52100.0;51300.0;46996515625;6833885;51300.0
51200.0;51400.0;50200.0;460803984375;11179334;50300.0
50900.0;51300.0;50400.0;461720078125;18877252;50400.0
49800.0;50300.0;49500.0;4571395703125;12059812;49900.0
49600.0;49850.0;49000.0;45301703125;13246549;49450.0
50200.0;50400.0;49500.0;4534750390625;10449715;49500.0
50100.0;50900.0;49950.0;461720078125;11414563;50400.0
50900.0;51400.0;50700.0;4690489453125;8470627;51200.0
51000.0;51600.0;50700.0;4717973828125;6882771;51500.0
51500.0;52200.0;51400.0;475461796875;11379521;51900.0
53000.0;53300.0;52700.0;4882873828125;29178697;53300.0
54500.0;54800.0;53900.0;5011128515625;18120261;54700.0
54500.0;54900.0;54300.0;5011128515625;11512405;54700.0
55800.0;56700.0;55400.0;519435078125;19358433;56700.0
56700.0;57200.0;56000.0;515770625;15558208;56300.0
57000.0;57300.0;55500.0;513022265625;14180520;56000.0
56100.0;56500.0;55600.0;513022265625;12095519;56000.0
56100.0;56400.0;55100.0;508441796875;9839252;55500.0
55600.0;55700.0;54800.0;503861171875;11868463;55000.0
54700.0;55400.0;54400.0;5075256640625;9645034;55400.0
55700.0;56900.0;55500.0;5209315625;12313056;56500.0
56200.0;56600.0;55700.0;51447.75;8356767;55800.0
55500.0;56000.0;55000.0;508945546875;12993228;55200.0
56000.0;56600.0;54900.0;5117115234375;15422255;55500.0
54900.0;55600.0;54600.0;5117115234375;10278951;55500.0
55700.0;56400.0;55600.0;51447.75;10009778;55800.0
56200.0;57400.0;55900.0;52369765625;23501171;56800.0
58400.0;58600.0;57400.0;5402936328125;24102579;58600.0
58800.0;59700.0;58300.0;54859171875;16000170;59500.0
59600.0;60000.0;59100.0;5532017578125;11359139;60000.0
60400.0;61000.0;59900.0;5532017578125;16906295;60000.0
59500.0;59600.0;58900.0;543981640625;14300928;59000.0
59100.0;60700.0;59000.0;5596557421875;14381774;60700.0
61900.0;62000.0;61000.0;56518765625;16025661;61300.0
62000.0;62800.0;61700.0;5753297265625;12528855;62400.0
62000.0;62400.0;61200.0;566109765625;11142693;61400.0
60500.0;62600.0;60400.0;5744077734375;15339565;62300.0
61800.0;61800.0;60700.0;5605777734375;14916555;60800.0
59400.0;59400.0;58300.0;5421376171875;23664541;58800.0
59100.0;59700.0;58800.0;5449036328125;16446102;59100.0
58800.0;58800.0;56800.0;5273855859375;20821939;57200.0
57800.0;58400.0;56400.0;520009609375;19749457;56400.0
55500.0;57400.0;55200.0;5273855859375;23995260;57200.0
57100.0;59000.0;56800.0;5430596875;21800192;58900.0
60000.0;60200.0;58900.0;54859171875;19278165;59500.0
60100.0;61100.0;59700.0;5633437109375;14727159;61100.0
61100.0;61200.0;59700.0;5568896875;16402493;60400.0
59200.0;59800.0;59100.0;550435703125;13107121;59700.0
59800.0;60700.0;59700.0;552279609375;11071231;59900.0
60300.0;60700.0;59700.0;557811640625;12904207;60500.0
61200.0;61600.0;60500.0;5596557421875;18449775;60700.0
60900.0;61900.0;60200.0;5697976953125;13276067;61800.0
61600.0;62000.0;61200.0;56703171875;8740596;61500.0
60800.0;60900.0;59700.0;5513576953125;16674266;59800.0
59800.0;60400.0;59400.0;555045703125;12951496;60200.0
60700.0;61300.0;59600.0;5532017578125;14591924;60000.0
58800.0;59800.0;58500.0;5458256640625;13777393;59200.0
57400.0;58100.0;56800.0;52369765625;25627537;56800.0
56200.0;58000.0;56200.0;533839609375;23885408;57900.0
56000.0;57000.0;56000.0;5209315625;25483102;56500.0
56300.0;56900.0;55500.0;515399609375;23209541;55900.0
55000.0;55500.0;54200.0;499725546875;30054227;54200.0
54300.0;55500.0;53600.0;5071015234375;30403412;55000.0
56700.0;56900.0;55100.0;5107895703125;30330295;55400.0
54800.0;57600.0;54600.0;529229609375;24765728;57400.0
57600.0;58000.0;56700.0;5329176171875;21698990;57800.0
56500.0;57200.0;56200.0;5209315625;18716656;56500.0
56500.0;56500.0;56500.0;5209315625;0;56500.0
53800.0;54900.0;53700.0;5034135546875;32106554;54600.0
54300.0;54400.0;52000.0;4803634375;45707281;52100.0
52100.0;52100.0;52100.0;4803634375;0;52100.0
47450.0;51600.0;46850.0;460540390625;59462933;49950.0
50100.0;50900.0;48800.0;450859296875;33339821;48900.0
46900.0;49650.0;46700.0;43610734375;51218151;47300.0
47750.0;48350.0;45600.0;4204333203125;40152623;45600.0
46400.0;46650.0;42300.0;396000234375;56925513;42950.0
44150.0;45500.0;43550.0;4185892578125;49730008;45400.0
42600.0;43550.0;42400.0;39185125;41701626;42500.0
43850.0;46950.0;43050.0;4328803125;49801908;46950.0
48950.0;49600.0;47150.0;4485543359375;52735922;48650.0
49000.0;49300.0;47700.0;44071734375;42185129;47800.0
49600.0;49700.0;46850.0;445327265625;39896178;48300.0
47050.0;48350.0;46550.0;4444356640625;26797395;47850.0
48000.0;48500.0;47150.0;443506875;30654261;47750.0
47450.0;47900.0;45800.0;4253950390625;27259532;45800.0
46200.0;46850.0;45350.0;434683203125;21621076;46800.0
47400.0;47600.0;46550.0;43654078125;22784682;47000.0
47500.0;48800.0;47250.0;452330546875;23395726;48700.0
49650.0;50200.0;49000.0;46068984375;31524034;49600.0
49600.0;49750.0;48600.0;451401796875;25010314;48600.0
49750.0;49800.0;48700.0;4560458203125;22628058;49100.0
48950.0;49250.0;48650.0;457438984375;17839111;49250.0
48650.0;48900.0;48300.0;4486153125;14431800;48300.0
48800.0;49200.0;48300.0;455116953125;14206216;49000.0
49350.0;49350.0;48550.0;455116953125;23349760;49000.0
50800.0;52000.0;50300.0;4774084375;32041675;51400.0
51400.0;51400.0;50000.0;46533390625;21866354;50100.0
49400.0;49700.0;48700.0;457438984375;27407543;49250.0
48700.0;50000.0;48350.0;4630118359375;18613864;49850.0
50200.0;50300.0;49500.0;4630118359375;18754442;49850.0
49650.0;49750.0;49000.0;4583678125;15618347;49350.0
49350.0;50000.0;49100.0;4630118359375;14049471;49850.0
49850.0;50100.0;49300.0;46533390625;16095399;50100.0
49900.0;50500.0;49600.0;464405078125;15604533;50000.0
48900.0;49100.0;48500.0;45047296875;26083749;48500.0
49000.0;49200.0;48500.0;4569746484375;18070225;49200.0
49200.0;49300.0;48700.0;4532593359375;13884411;48800.0
49100.0;49350.0;48800.0;4532593359375;15319700;48800.0
48900.0;49250.0;48300.0;4495441796875;16357743;48400.0
48400.0;48500.0;47550.0;444900078125;23433590;47900.0
47250.0;48550.0;47200.0;4509373046875;20223277;48550.0
47750.0;48100.0;47650.0;4458289453125;19305974;48000.0
48400.0;48450.0;47700.0;4444356640625;18463118;47850.0
47950.0;49100.0;47600.0;4532593359375;20481981;48800.0
50100.0;50500.0;49700.0;4671915625;25168295;50300.0
50000.0;50200.0;49800.0;464405078125;14896899;50000.0
50300.0;50400.0;49850.0;4639406640625;14949266;49950.0
49600.0;49800.0;48600.0;4527950390625;19706284;48750.0
48750.0;48900.0;48450.0;4537238671875;14337913;48850.0
48700.0;49450.0;48600.0;457438984375;15127490;49250.0
48950.0;50000.0;48800.0;463476328125;19548479;49900.0
51100.0;51200.0;49900.0;4681203515625;31309318;50400.0
50000.0;50700.0;49700.0;47090671875;27596961;50700.0
50800.0;51200.0;50600.0;475550859375;16949183;51200.0
51000.0;51500.0;50800.0;4774084375;14247933;51400.0
51800.0;55000.0;51700.0;506201484375;49257814;54500.0
55800.0;57000.0;54600.0;507130390625;40220334;54600.0
54400.0;55900.0;54000.0;5154897265625;22743629;55500.0
56400.0;56500.0;54700.0;509916796875;25634965;54900.0
55800.0;56500.0;54400.0;5154897265625;23998831;55500.0
55100.0;55900.0;54900.0;5145608984375;16742493;55400.0
54500.0;55100.0;53200.0;5043439453125;33815123;54300.0
52100.0;52800.0;51500.0;4857676953125;26976019;52300.0
51400.0;52000.0;49900.0;463476328125;28772921;49900.0
51200.0;52100.0;50600.0;48391015625;21808375;52100.0
52100.0;52900.0;51300.0;4848389453125;26672595;52200.0
52200.0;52300.0;51600.0;4857676953125;15982926;52300.0
52600.0;52900.0;51600.0;491340546875;18157985;52900.0
52000.0;52600.0;51800.0;4829812890625;13801350;52000.0
52500.0;52800.0;51100.0;4774084375;18086152;51400.0
51900.0;53900.0;51600.0;491340546875;24519552;52900.0
52100.0;53000.0;51900.0;4820525390625;18541624;51900.0
52800.0;53900.0;52200.0;495055859375;21575360;53300.0
52500.0;53200.0;52000.0;489950625;17776925;52400.0
53900.0;53900.0;52800.0;493690703125;21157172;52800.0
53400.0;53600.0;52400.0;491820625;16706143;52600.0
52100.0;52900.0;52100.0;4946256640625;14142583;52900.0
53000.0;53600.0;52700.0;5011708984375;11887868;53600.0
54000.0;55000.0;53800.0;51426109375;19856623;55000.0
55800.0;55900.0;53400.0;499300859375;30760032;53400.0
53600.0;53900.0;52900.0;49556078125;19664652;53000.0
53200.0;53600.0;52800.0;493690703125;17054850;52800.0
53100.0;53200.0;52300.0;4927556640625;13714746;52700.0
53300.0;53800.0;53100.0;499300859375;12240188;53400.0
53700.0;53800.0;53200.0;503040859375;14269484;53800.0
54400.0;55000.0;54300.0;5114560546875;24051450;54700.0
54800.0;54800.0;53800.0;503040859375;16779127;53800.0
54200.0;54700.0;54100.0;5086509765625;10096174;54400.0
54800.0;54800.0;54000.0;5067809375;10507530;54200.0
55200.0;55400.0;54800.0;517066171875;18297260;55300.0
55300.0;55500.0;54700.0;5114560546875;12885057;54700.0
54700.0;54700.0;53800.0;5058459765625;16214932;54100.0
54000.0;54400.0;53700.0;5067809375;10994535;54200.0
54300.0;55700.0;54300.0;51987125;21054421;55600.0
57000.0;58800.0;56400.0;547921875;48431566;58600.0
60300.0;60400.0;58600.0;5516619921875;36476611;59000.0
59700.0;60100.0;59000.0;5516619921875;19285354;59000.0
59500.0;59600.0;57700.0;54137671875;21943345;57900.0
57800.0;57900.0;56700.0;5310915625;21158940;56800.0
57200.0;58100.0;57000.0;535766640625;19419694;57300.0
57300.0;57500.0;56300.0;5320264453125;17739706;56900.0
57100.0;58400.0;57100.0;54231171875;21625874;58000.0
57900.0;58400.0;57100.0;537636640625;18751717;57500.0
57600.0;58300.0;57500.0;540441640625;17774291;57800.0
58000.0;59500.0;57800.0;5441817578125;24907912;58200.0
58200.0;59000.0;57700.0;5516619921875;18573934;59000.0
59400.0;59600.0;58000.0;5488569140625;22089460;58700.0
58000.0;58400.0;57700.0;54231171875;15672548;58000.0
58900.0;59900.0;58000.0;5460518359375;25307825;58400.0
59000.0;59200.0;57800.0;540441640625;16930719;57800.0
57600.0;57600.0;55300.0;51800125;30386029;55400.0
56200.0;56900.0;55800.0;5226763671875;21142288;55900.0
55800.0;56600.0;55400.0;5245463671875;15055896;56100.0
56400.0;56800.0;56100.0;52735140625;14021705;56400.0
56400.0;56500.0;55700.0;52735140625;17651593;56400.0
56300.0;56300.0;55600.0;51987125;16196568;55600.0
56100.0;56300.0;55400.0;51800125;14619888;55400.0
56000.0;56100.0;54000.0;5049109375;32671367;54000.0
54100.0;54800.0;54100.0;5067809375;19363117;54200.0
54600.0;55100.0;54100.0;5086509765625;16905723;54400.0
55600.0;56700.0;55500.0;52735140625;28384920;56400.0
55200.0;55800.0;55100.0;51987125;22139109;55600.0
56100.0;57300.0;55800.0;5282864453125;18685880;56500.0
57400.0;58700.0;57200.0;5488569140625;31517520;58700.0
58200.0;59300.0;57800.0;5460518359375;30597399;58400.0
59900.0;60000.0;59100.0;55353203125;29923293;59200.0
59300.0;59400.0;58200.0;5516619921875;16017098;59000.0
60200.0;60800.0;59900.0;564752265625;20648281;60400.0
60900.0;61000.0;60500.0;5703623828125;17877075;61000.0
61100.0;61300.0;60600.0;5703623828125;17041444;61000.0
60700.0;60800.0;59300.0;5563370703125;25108356;59500.0
59800.0;59900.0;59100.0;5544669921875;18884571;59300.0
59100.0;60000.0;59000.0;55353203125;15140387;59200.0
59100.0;59700.0;57800.0;5441817578125;20830381;58200.0
58400.0;58800.0;57400.0;547921875;20111398;58600.0
57700.0;58600.0;57600.0;540441640625;17564020;57800.0
57700.0;58200.0;57700.0;54137671875;11444683;57900.0
58300.0;58800.0;57900.0;547529375;12614080;58200.0
58300.0;59000.0;58200.0;547529375;15503563;58200.0
57500.0;59200.0;57500.0;55223328125;20228289;58700.0
59400.0;59900.0;58700.0;555055625;14463826;59000.0
58700.0;59900.0;58500.0;56352.25;14861838;59900.0
60500.0;60700.0;59500.0;561641015625;24589924;59700.0
60000.0;60400.0;59900.0;56822640625;16145837;60400.0
61000.0;61400.0;60400.0;5729302734375;19247631;60900.0
61000.0;61100.0;60500.0;5729302734375;16086716;60900.0
60700.0;60800.0;59700.0;5644633203125;17756232;60000.0
60000.0;60400.0;59000.0;5597594140625;16554190;59500.0
59600.0;60200.0;59500.0;5644633203125;14474985;60000.0
60300.0;60900.0;60100.0;5729302734375;19326115;60900.0
61200.0;61500.0;60600.0;5729302734375;15703443;60900.0
60300.0;60500.0;59800.0;5654040625;14294095;60100.0
60400.0;60400.0;59800.0;5663448046875;9322232;60200.0
60400.0;61100.0;60100.0;56822640625;13268226;60400.0
60300.0;60300.0;59500.0;5625817578125;17260416;59800.0
59400.0;59400.0;58800.0;555055625;14428882;59000.0
58200.0;58500.0;57500.0;5465885546875;22636966;58100.0
58000.0;58000.0;56600.0;5324770703125;26907844;56600.0
56400.0;57500.0;56000.0;5400032421875;20489076;57400.0
57900.0;58900.0;57600.0;5531740625;14950919;58800.0
58900.0;59000.0;57800.0;5503516796875;21718561;58500.0
59000.0;60300.0;58800.0;567285546875;20639475;60300.0
60700.0;60800.0;59600.0;5654040625;16910230;60100.0
60700.0;60900.0;60100.0;5663448046875;15892961;60200.0
60500.0;60500.0;59500.0;5663448046875;19073552;60200.0
60700.0;61400.0;60400.0;57669328125;25628510;61300.0
61000.0;61400.0;60700.0;5738710546875;19800573;61000.0
61300.0;63200.0;61000.0;59456796875;31508829;63200.0
64000.0;66700.0;63900.0;623731953125;36354334;66300.0
67000.0;67000.0;65600.0;618087265625;30204089;65700.0
65700.0;66200.0;64700.0;6096203125;22963790;64800.0
64100.0;64800.0;63900.0;60773875;16590290;64600.0
63900.0;65200.0;63900.0;60867953125;15068682;64700.0
64800.0;67800.0;64700.0;6350212109375;27134398;67500.0
67900.0;69500.0;67000.0;6369028125;32158235;67700.0
67900.0;68300.0;66500.0;62655421875;32447065;66600.0
66100.0;68000.0;66000.0;63972.5;19023323;68000.0
68000.0;68400.0;67600.0;6416066796875;14063434;68200.0
68400.0;68600.0;66700.0;627495078125;43811016;66700.0
67100.0;68300.0;67100.0;637843515625;22327173;67800.0
68400.0;69900.0;68300.0;653836640625;29703942;69500.0
70100.0;70500.0;69300.0;655718046875;23677989;69700.0
70400.0;72100.0;70100.0;67265203125;28130533;71500.0
72400.0;73500.0;71900.0;685822890625;28490496;72900.0
72200.0;72900.0;71600.0;674533671875;25000338;71700.0
72100.0;73900.0;72000.0;695230625;24077996;73900.0
72700.0;73800.0;72500.0;685822890625;39882928;72900.0
73500.0;73800.0;73100.0;69052671875;18486672;73400.0
73600.0;74500.0;73200.0;69428984375;21510415;73800.0
73800.0;74100.0;73300.0;69428984375;20863671;73800.0
74100.0;74500.0;73400.0;69428984375;17512081;73800.0
73400.0;73700.0;72600.0;689586015625;24293214;73300.0
73300.0;73700.0;73000.0;686763671875;17613029;73000.0
73100.0;73400.0;72000.0;686763671875;20367355;73000.0
72500.0;73200.0;72100.0;68017828125;16304910;72300.0
72400.0;74000.0;72300.0;695230625;19411326;73900.0
74100.0;78800.0;74000.0;73192078125;32502870;77800.0
79000.0;80100.0;78200.0;740387734375;40085044;78700.0
78800.0;78900.0;77300.0;755163125;30339449;78300.0
77400.0;81300.0;77300.0;781203203125;29417421;81000.0
81000.0;84400.0;80200.0;8004921875;38655276;83000.0
81600.0;83900.0;81600.0;809172265625;35335669;83900.0
83300.0;84500.0;82100.0;792776484375;42089013;82200.0
82800.0;84200.0;82700.0;799527578125;32644642;82900.0
83300.0;90000.0;83000.0;856430078125;59013307;88800.0
90000.0;96800.0;89500.0;877648046875;90306177;91000.0
90300.0;91400.0;87800.0;87379015625;48682416;90600.0
89800.0;91200.0;89100.0;865110078125;36068848;89700.0
88700.0;90000.0;88700.0;865110078125;26393970;89700.0
89800.0;91800.0;88000.0;84871453125;33431809;88000.0
86600.0;87300.0;84100.0;819781015625;43227951;85000.0
84500.0;88000.0;83600.0;839070;39895044;87000.0
89000.0;89000.0;86500.0;840998984375;25211127;87200.0
87500.0;88600.0;86500.0;8496790625;25318011;88100.0
89000.0;89700.0;86800.0;837141171875;30861661;86800.0
87000.0;89900.0;86300.0;862216796875;27258534;89400.0
88800.0;89200.0;86500.0;83617671875;33178936;86700.0
86600.0;87700.0;85600.0;825567734375;26423070;85600.0
83200.0;85600.0;83200.0;807243203125;31859808;83700.0
84500.0;85000.0;82000.0;790847734375;39615978;82000.0
81700.0;83400.0;81000.0;8004921875;28046832;83000.0
84100.0;86400.0;83700.0;81399453125;26302077;84400.0
84800.0;85400.0;83400.0;81592328125;22112205;84600.0
83500.0;83800.0;82100.0;795669921875;24171688;82500.0
83100.0;84000.0;82500.0;805314375;18036835;83500.0
83800.0;84200.0;83000.0;8004921875;15338765;83000.0
84000.0;84800.0;82700.0;79759875;20898332;82700.0
82600.0;82600.0;81600.0;786989921875;23025766;81600.0
83800.0;84500.0;83300.0;81206546875;23529706;84200.0
84500.0;86000.0;84200.0;818816640625;20483100;84900.0
83900.0;84200.0;83000.0;802421015625;18307735;83200.0
83200.0;83600.0;82100.0;79181203125;21327683;82100.0
82300.0;82800.0;81000.0;79663421875;25880879;82600.0
83800.0;84200.0;82200.0;792776484375;25419886;82200.0
81200.0;82900.0;81100.0;790847734375;20587314;82000.0
81800.0;83600.0;81300.0;790847734375;26807651;82000.0
84000.0;85400.0;83000.0;822674375;34155986;85300.0
82800.0;83400.0;82000.0;795669921875;38520800;82500.0
85100.0;85300.0;83000.0;80627875;33498180;83600.0
83500.0;84000.0;82800.0;810136640625;19882132;84000.0
82600.0;83200.0;82200.0;79470546875;24348331;82400.0
81100.0;82600.0;81100.0;79181203125;20508971;82100.0
82900.0;83000.0;81600.0;790847734375;17641256;82000.0
81400.0;81900.0;80600.0;7850609375;25420764;81400.0
82400.0;82500.0;80700.0;78023875;20038422;80900.0
81000.0;82500.0;81000.0;790847734375;23818297;82000.0
83100.0;83500.0;82400.0;798563203125;13530573;82800.0
82800.0;82900.0;81800.0;788918671875;13735798;81800.0
82200.0;83000.0;82100.0;798563203125;12293537;82800.0
82800.0;82900.0;82000.0;793741171875;11625146;82300.0
82800.0;83800.0;82600.0;799527578125;18585244;82900.0
82100.0;82500.0;81800.0;789883125;15869700;81900.0
82000.0;82300.0;81700.0;790847734375;12670506;82000.0
82600.0;82900.0;81800.0;788918671875;13299907;81800.0
81000.0;81600.0;80700.0;781203203125;17926638;81000.0
81000.0;82100.0;80800.0;783132109375;14758826;81200.0
81400.0;81600.0;81000.0;786025390625;12845778;81500.0
81700.0;81700.0;81000.0;786989921875;14952134;81600.0
81600.0;82300.0;81300.0;796299375;13121698;82200.0
82400.0;82700.0;81400.0;78854953125;17240518;81400.0
82500.0;83000.0;82000.0;80308046875;18676461;82900.0
84000.0;85200.0;83900.0;821486484375;22997538;84800.0
85800.0;86000.0;84800.0;827298828125;16255990;85400.0
86200.0;86200.0;85100.0;833111328125;19042023;86000.0
86100.0;86200.0;85400.0;829236328125;17885538;85600.0
85700.0;85700.0;84100.0;820517734375;19244259;84700.0
84700.0;84900.0;83400.0;809861640625;18193707;83600.0
84100.0;84100.0;83100.0;80598671875;12915282;83200.0
83000.0;84500.0;82800.0;813736640625;15238206;84000.0
84000.0;84300.0;83400.0;813736640625;13794652;84000.0
83700.0;84500.0;83400.0;8147053125;16377412;84100.0
84700.0;84700.0;83600.0;81276796875;15429522;83900.0
83800.0;84000.0;83300.0;80695546875;15287311;83300.0
83300.0;84000.0;83100.0;81276796875;15521965;83900.0
83300.0;83500.0;82500.0;80017421875;21636079;82600.0
82900.0;83000.0;82400.0;798236875;13934746;82400.0
81900.0;82900.0;81600.0;802111796875;17805080;82800.0
82900.0;83500.0;82600.0;80889296875;15489938;83500.0
83200.0;83300.0;82500.0;80308046875;12941533;82900.0
83200.0;83200.0;82100.0;795330625;15596759;82100.0
82400.0;82500.0;81500.0;791455625;20000973;81700.0
81900.0;82100.0;81500.0;78951828125;18673197;81500.0
81000.0;82400.0;81000.0;791455625;15710336;81700.0
81900.0;82600.0;81800.0;80017421875;12532550;82600.0
81700.0;82300.0;81700.0;79726828125;17047511;82300.0
81800.0;82100.0;81500.0;793393125;14154882;81900.0
82300.0;83500.0;81800.0;80598671875;19385027;83200.0
82500.0;82600.0;81100.0;786612109375;28996680;81200.0
80800.0;81200.0;79800.0;774987265625;35812268;80000.0
78900.0;79600.0;78400.0;760456328125;31490096;78500.0
79000.0;80300.0;78900.0;775956015625;16450920;80100.0
80800.0;80900.0;79200.0;771112265625;17740855;79600.0
79600.0;80000.0;79100.0;771112265625;17494407;79600.0
79400.0;79700.0;79100.0;77014359375;16541828;79500.0
80100.0;81500.0;79800.0;775956015625;20961714;80100.0
80100.0;80400.0;79500.0;772081015625;13398666;79700.0
80000.0;80400.0;79800.0;774018515625;13628942;79900.0
80400.0;80500.0;79700.0;7730496875;11984359;79800.0
80000.0;80000.0;79100.0;771112265625;23198510;79600.0
79800.0;80400.0;79400.0;775956015625;12360199;80100.0
80300.0;80600.0;79600.0;779830859375;13321324;80500.0
80500.0;81300.0;80100.0;7807996875;14058401;80600.0
80400.0;81400.0;80300.0;78273703125;16414644;80800.0
81300.0;83000.0;81100.0;802111796875;29546007;82800.0
82700.0;82700.0;81500.0;796299375;18112259;82200.0
82700.0;82800.0;81600.0;793393125;16496197;81900.0
82300.0;82600.0;81800.0;793393125;12781226;81900.0
81500.0;82000.0;81100.0;785643359375;14908823;81100.0
81300.0;81400.0;80900.0;784674609375;17586995;81000.0
81200.0;81700.0;80700.0;784674609375;14087962;81000.0
80800.0;80900.0;80500.0;779830859375;10550078;80500.0
80900.0;81200.0;80600.0;783705859375;10075685;80900.0
81500.0;81900.0;81100.0;792424375;14999855;81800.0
81100.0;81300.0;80700.0;783705859375;14007385;80900.0
81100.0;81100.0;80500.0;779830859375;14916721;80500.0
79700.0;80000.0;79600.0;774018515625;16063340;79900.0
80200.0;80300.0;79900.0;774987265625;11773365;80000.0
80500.0;80600.0;79900.0;775956015625;13856548;80100.0
80400.0;81400.0;80100.0;786612109375;18771080;81200.0
81500.0;81900.0;81200.0;79048703125;13481405;81600.0
81700.0;82000.0;81600.0;793393125;11578529;81900.0
81900.0;82100.0;80800.0;78814859375;15744317;81000.0
81100.0;81400.0;80700.0;785229453125;13288643;80700.0
80500.0;80600.0;80000.0;77939140625;13382882;80100.0
80000.0;80400.0;79900.0;778418359375;8753097;80000.0
80100.0;80800.0;80000.0;782310546875;8330969;80400.0
80600.0;81200.0;80500.0;7900946875;12131651;81200.0
81200.0;81300.0;80300.0;78620.25;15992202;80800.0
81100.0;81200.0;79900.0;777445390625;16660998;79900.0
79600.0;79800.0;79000.0;77258015625;22720577;79400.0
79900.0;80000.0;79500.0;775499296875;9768108;79700.0
80000.0;80200.0;79800.0;776472265625;9863450;79800.0
79400.0;79600.0;79100.0;77355328125;11575636;79500.0
79800.0;80600.0;79500.0;7842565625;13766279;80600.0
80100.0;80100.0;79500.0;776472265625;10859399;79800.0
79100.0;79200.0;78800.0;768688203125;13155414;79000.0
78500.0;79000.0;78400.0;768688203125;12456646;79000.0
79000.0;79100.0;78500.0;763823125;12355296;78500.0
79000.0;79800.0;78900.0;775499296875;12618790;79700.0
79700.0;79900.0;79200.0;7716071875;9098910;79300.0
79400.0;79500.0;78800.0;76674203125;10040975;78800.0
79200.0;79400.0;78500.0;763823125;11427693;78500.0
78300.0;79200.0;78100.0;770634140625;12743417;79200.0
78800.0;79400.0;78800.0;768688203125;14360453;79000.0
78900.0;78900.0;78500.0;763823125;13823411;78500.0
79200.0;79500.0;78700.0;7716071875;11739124;79300.0
79400.0;81400.0;79300.0;792040703125;24339360;81400.0
82200.0;83100.0;81800.0;806636015625;25642368;82900.0
83300.0;83300.0;82000.0;798851796875;18485469;82100.0
81900.0;82500.0;81300.0;79301375;13342623;81500.0
81500.0;82300.0;80900.0;79301375;15522581;81500.0
82300.0;82400.0;80100.0;780364375;20362639;80200.0
79600.0;79800.0;78500.0;763823125;30241137;78500.0
77100.0;78200.0;76900.0;74922765625;42365223;77000.0
75800.0;76000.0;74100.0;7239290625;61270643;74400.0
74000.0;75100.0;74000.0;721983125;30944847;74200.0
73900.0;74600.0;73100.0;71906390625;29192631;73900.0
73500.0;74400.0;73100.0;711279765625;22166298;73100.0
73500.0;73900.0;72500.0;70738765625;22364803;72700.0
73300.0;74000.0;73000.0;713225859375;19384648;73300.0
73900.0;75700.0;73900.0;7356053125;21016913;75600.0
76200.0;76600.0;74900.0;7365784375;22319664;75700.0
76100.0;76200.0;74600.0;725875078125;16671494;74600.0
74300.0;75000.0;73800.0;722956015625;15172748;74300.0
75400.0;75500.0;74200.0;725875078125;12686999;74600.0
74900.0;76700.0;74300.0;74630859375;24630370;76700.0
76700.0;77100.0;75900.0;747281640625;16114775;76800.0
76800.0;76800.0;75700.0;73949734375;15347486;76000.0
76400.0;76700.0;76000.0;745335703125;12096419;76600.0
76800.0;77600.0;76600.0;75214671875;12861180;77300.0
77100.0;77100.0;75900.0;740470546875;13239401;76100.0
76000.0;76400.0;75600.0;742416484375;11798147;76300.0
76400.0;76600.0;75000.0;732686328125;17600770;75300.0
75300.0;75600.0;74800.0;732686328125;10103212;75300.0
75200.0;76300.0;75100.0;742416484375;11397775;76300.0
77100.0;77700.0;76600.0;745335703125;18167057;76600.0
77400.0;77400.0;76400.0;74922765625;12829128;77000.0
77300.0;77400.0;76100.0;740470546875;13067622;76100.0
76300.0;77200.0;75900.0;75117375;16289502;77200.0
77500.0;77600.0;76800.0;753119765625;17055590;77400.0
77600.0;77700.0;77100.0;75214671875;12247274;77300.0
77300.0;77700.0;77000.0;756038828125;11699798;77700.0
77700.0;77800.0;76200.0;742416484375;15406382;76300.0
74800.0;75300.0;73800.0;72443.75;23992458;74100.0
74300.0;74800.0;73700.0;72443.75;19919361;74100.0
73900.0;74000.0;72900.0;715638671875;15803395;73200.0
73000.0;73000.0;71400.0;705862109375;24013921;72200.0
72600.0;72800.0;71200.0;697063359375;18956962;71300.0
71600.0;72100.0;71300.0;699996328125;13683532;71600.0
72300.0;72400.0;71500.0;699018671875;14043287;71500.0
70700.0;70900.0;68700.0;67457.75;31001484;69000.0
68700.0;69600.0;68300.0;6726221875;24172015;68800.0
69000.0;69800.0;68800.0;678488125;19520641;69400.0
70200.0;71000.0;70000.0;6853315625;18051612;70100.0
70200.0;70300.0;69200.0;686309296875;13486391;70200.0
70800.0;71000.0;70400.0;69021984375;9507991;70600.0
70700.0;71000.0;70200.0;687286875;10151638;70300.0
70300.0;70600.0;70000.0;686309296875;10891094;70200.0
70000.0;70700.0;70000.0;688264609375;8395448;70400.0
69900.0;70600.0;69500.0;686309296875;10029621;70200.0
70600.0;71500.0;70400.0;695108046875;10528252;71100.0
71000.0;71000.0;70000.0;6853315625;10295316;70100.0
69500.0;72200.0;69500.0;69119.75;20644902;70700.0
71200.0;71600.0;69700.0;682398671875;17016151;69800.0
70200.0;70600.0;69900.0;683376328125;11503729;69900.0
70800.0;72200.0;70700.0;699018671875;16812570;71500.0
71700.0;71700.0;70100.0;688264609375;12770428;70400.0
71200.0;71600.0;70500.0;69021984375;11818987;70600.0
71600.0;71600.0;70200.0;686309296875;12667743;70200.0
70400.0;70600.0;69800.0;69021984375;11121981;70600.0
70300.0;71000.0;70100.0;6892421875;11159589;70500.0
70300.0;70900.0;70200.0;686309296875;9422009;70200.0
69900.0;70000.0;69600.0;683376328125;11489122;69900.0
70200.0;70900.0;69900.0;69021984375;10087450;70600.0
71700.0;71900.0;70900.0;69804109375;12420710;71400.0
71500.0;72000.0;71300.0;697063359375;10919239;71300.0
71300.0;71600.0;70600.0;69119.75;11027606;70700.0
70700.0;71000.0;70200.0;686309296875;10144957;70200.0
70400.0;71400.0;70100.0;69608578125;11954728;71200.0
73300.0;75200.0;73000.0;73225875;27506623;74900.0
76000.0;76000.0;74500.0;736169375;22029195;75300.0
76000.0;76200.0;74100.0;731281015625;15652305;74800.0
75100.0;75100.0;73600.0;72052703125;12559258;73700.0
73500.0;74100.0;72000.0;706839921875;13002242;72300.0
71700.0;73000.0;71400.0;706839921875;16682559;72300.0
73200.0;73900.0;70500.0;697063359375;30364841;71300.0
72000.0;74800.0;71600.0;72737046875;21954856;74400.0
73900.0;75800.0;73800.0;741057578125;23652940;75800.0
75600.0;76000.0;74100.0;739102265625;18330240;75600.0
75100.0;76700.0;74900.0;74594578125;16391250;76300.0
76100.0;77700.0;75600.0;756699921875;19232453;77400.0
78300.0;78600.0;77100.0;756699921875;21558340;77400.0
77400.0;78200.0;77000.0;764521171875;21604528;78200.0
77400.0;77600.0;76800.0;751811640625;9155219;76900.0
77200.0;78300.0;76500.0;7508340625;15038750;76800.0
76500.0;77200.0;76200.0;752789296875;10976660;77000.0
76400.0;77600.0;76300.0;758655234375;9584939;77600.0
78500.0;78500.0;77400.0;760610546875;11996128;77800.0
76800.0;78000.0;76800.0;7625659375;13108479;78000.0
77600.0;77800.0;76800.0;75376703125;11264375;77100.0
77900.0;78300.0;77500.0;7635434375;14245298;78100.0
78900.0;79400.0;78800.0;776252890625;17105892;79400.0
79800.0;80000.0;79300.0;781141171875;13577498;79900.0
80200.0;80800.0;80200.0;78700703125;12086380;80500.0
80600.0;80600.0;79800.0;7840740625;10783368;80200.0
80200.0;80400.0;79700.0;78505171875;18226325;80300.0
80200.0;80200.0;78500.0;773866015625;19794795;78800.0
78900.0;79500.0;78100.0;768955703125;14236700;78300.0
78800.0;79200.0;78300.0;772883984375;12427416;78700.0
78800.0;79000.0;76400.0;760117109375;25470640;77400.0
76700.0;77600.0;76600.0;755206796875;12931954;76900.0
78100.0;78400.0;77400.0;768955703125;15163757;78300.0
78100.0;78100.0;77100.0;766009609375;9947422;78000.0
78400.0;79000.0;78000.0;774848046875;13221123;78900.0
79500.0;79600.0;78600.0;774848046875;11000502;78900.0
79300.0;79300.0;77900.0;765027421875;13889401;77900.0
77700.0;78100.0;77100.0;759135078125;10096725;77300.0
77600.0;77800.0;76900.0;76109921875;8785122;77500.0
77600.0;77800.0;76600.0;756188828125;9592788;77000.0
76500.0;76900.0;76100.0;749314453125;10598290;76300.0
76200.0;76700.0;75900.0;751278515625;9708168;76500.0
75800.0;75800.0;74700.0;742440;15774888;75600.0
75400.0;75800.0;74700.0;7375296875;13691134;75100.0
74800.0;75000.0;73200.0;726726953125;17766704;74000.0
74000.0;74000.0;74000.0;726726953125;0;74000.0
73800.0;74000.0;71300.0;70021125;22274777;71300.0
71300.0;73700.0;71200.0;719852578125;21367447;73300.0
74900.0;74900.0;73300.0;719852578125;17744721;73300.0
74300.0;74600.0;73400.0;726726953125;12730034;74000.0
73500.0;73600.0;72400.0;716906328125;14240838;73000.0
73000.0;73000.0;73000.0;716906328125;0;73000.0
73000.0;73000.0;73000.0;716906328125;0;73000.0
75600.0;75800.0;74700.0;740475859375;17746033;75400.0
75000.0;75500.0;74600.0;735565546875;12205407;74900.0
74400.0;74500.0;73100.0;723780859375;13993255;73700.0
74100.0;74200.0;73100.0;723780859375;9320365;73700.0
74600.0;74900.0;74200.0;7345834375;10767386;74800.0
75000.0;75600.0;74500.0;73654765625;13605382;75000.0
74600.0;74800.0;73700.0;729673125;10122226;74300.0
74300.0;74300.0;74300.0;729673125;0;74300.0
74300.0;74300.0;74300.0;729673125;0;74300.0
74300.0;74300.0;74300.0;729673125;0;74300.0
72300.0;72300.0;71300.0;702175390625;15759283;71500.0
72100.0;72600.0;71900.0;706103671875;13168484;71900.0
71900.0;71900.0;71900.0;706103671875;0;71900.0
72300.0;72400.0;71500.0;704139453125;12481430;71700.0
72300.0;73100.0;72200.0;715924296875;13232638;72900.0
72900.0;72900.0;72900.0;715924296875;0;72900.0
70000.0;70600.0;69900.0;688426484375;18617138;70100.0
68800.0;70000.0;68700.0;682534140625;15828269;69500.0
69500.0;69500.0;69500.0;682534140625;0;69500.0
70500.0;70700.0;69700.0;687444453125;15787655;70000.0
70000.0;70200.0;69600.0;68940859375;9040993;70200.0
70200.0;70200.0;70200.0;68940859375;0;70200.0
70200.0;70500.0;69700.0;691372734375;10175750;70400.0
70400.0;70400.0;70400.0;691372734375;0;70400.0
70600.0;70900.0;70200.0;69431890625;14410038;70700.0
70900.0;71000.0;69900.0;686462421875;11169002;69900.0
69900.0;70500.0;69900.0;690390625;9402666;70300.0
70600.0;71200.0;70300.0;692354765625;12398025;70500.0
69600.0;70300.0;69600.0;6854803125;37943357;69800.0
70100.0;70200.0;69600.0;6854803125;12986010;69800.0
69500.0;69900.0;69200.0;684498203125;12619289;69700.0
70000.0;70300.0;69800.0;68940859375;13686208;70200.0
70300.0;70500.0;69800.0;69001078125;12670187;69900.0
69900.0;70200.0;69600.0;687049296875;12510366;69600.0
69500.0;69500.0;69000.0;68211359375;15916846;69100.0
68900.0;69300.0;68600.0;684087890625;11107905;69300.0
69400.0;69600.0;69100.0;683100703125;8467248;69200.0
68600.0;68800.0;68500.0;67619078125;15517308;68500.0
68500.0;68500.0;68000.0;671255078125;20683327;68000.0
68100.0;68300.0;67700.0;66928078125;15453191;67800.0
67800.0;68100.0;67400.0;67026796875;12263735;67900.0
67600.0;67700.0;67000.0;661383671875;13924389;67000.0
67300.0;69000.0;67200.0;67816.5;17378619;68700.0
68700.0;68700.0;67500.0;666319375;16409494;67500.0
67200.0;67300.0;66500.0;65743515625;13176415;66600.0
66500.0;67100.0;66100.0;658422265625;10119203;66700.0
67100.0;68000.0;67000.0;664345078125;12959434;67300.0
67000.0;67400.0;66500.0;6653321875;16693293;67400.0
67600.0;68300.0;67500.0;668293671875;12847448;67700.0
67200.0;67300.0;66700.0;661383671875;11791478;67000.0
66500.0;66700.0;66300.0;654473671875;11016474;66300.0
66400.0;66700.0;66100.0;6524994140625;12946923;66100.0
65400.0;65500.0;64900.0;6416408984375;18122084;65000.0
65400.0;65500.0;64500.0;6396666015625;16895527;64800.0
65100.0;67600.0;65000.0;6653321875;26190390;67400.0
66600.0;67600.0;66500.0;664345078125;14106184;67300.0
67400.0;68400.0;67300.0;666319375;14168875;67500.0
68000.0;68400.0;67500.0;67026796875;11505248;67900.0
67000.0;67100.0;66500.0;65644796875;14356156;66500.0
65900.0;66300.0;65300.0;648550859375;17235605;65700.0
65500.0;66300.0;65200.0;648550859375;12330920;65700.0
65200.0;65500.0;64900.0;64065375;16414188;64900.0
65300.0;66700.0;65200.0;65644796875;14551536;66500.0
67100.0;67400.0;66100.0;654473671875;11937555;66300.0
66600.0;67900.0;66600.0;667306484375;15680447;67600.0
68300.0;68700.0;67600.0;6722421875;16486319;68100.0
66500.0;67600.0;66500.0;666319375;17073727;67500.0
67800.0;68400.0;67700.0;671255078125;12109671;68000.0
68800.0;68800.0;67600.0;67026796875;13684088;67900.0
67500.0;67700.0;66500.0;65644796875;15482576;66500.0
66700.0;67100.0;65900.0;65546078125;15150490;66400.0
66300.0;67200.0;65500.0;65052515625;15970890;65900.0
66700.0;66900.0;66200.0;65644796875;11405555;66500.0
67500.0;67800.0;66900.0;668293671875;14255484;67700.0
67500.0;67500.0;66700.0;6653321875;24365002;67400.0
66600.0;67000.0;66400.0;658422265625;14959443;66700.0
67200.0;67300.0;66800.0;659409375;8222883;66800.0
66200.0;66400.0;65400.0;6465765625;19355755;65500.0
65400.0;65700.0;65300.0;6446023046875;12483180;65300.0
65100.0;65200.0;64500.0;64361515625;25790725;65200.0
64000.0;64400.0;63800.0;6297951953125;22193552;63800.0
62400.0;62800.0;62100.0;613013828125;22157816;62100.0
61200.0;62200.0;61100.0;61103953125;24606419;61900.0
61300.0;61500.0;60200.0;5991938671875;26811224;60700.0
61300.0;61800.0;60500.0;6011681640625;23394895;60900.0
59400.0;59900.0;59400.0;590309609375;29053450;59800.0
59800.0;59900.0;58100.0;57945109375;34111306;58700.0
58700.0;59200.0;58200.0;577476796875;25148109;58500.0
59000.0;59100.0;57600.0;5685925390625;23334687;57600.0
57700.0;58000.0;56800.0;5666182421875;28338608;57400.0
57900.0;59100.0;57700.0;5764896484375;23256103;58400.0
59000.0;59900.0;58300.0;580438203125;18122236;58800.0
59200.0;59500.0;58700.0;5863610546875;13540538;59400.0
58500.0;58800.0;58000.0;576041953125;14677138;58000.0
57200.0;57600.0;57000.0;5661101953125;18915142;57000.0
56900.0;57500.0;55900.0;5581648046875;24982097;56200.0
56100.0;57400.0;55700.0;5671033984375;17807126;57100.0
57600.0;58200.0;57200.0;5680965625;14216539;57200.0
57300.0;57300.0;56400.0;560151171875;16820461;56400.0
56400.0;58700.0;56300.0;5780283203125;21322833;58200.0
58600.0;59300.0;58200.0;5829941796875;15339271;58700.0
59300.0;59600.0;58700.0;5839873828125;13042624;58800.0
58600.0;58700.0;58100.0;57703515625;9336061;58100.0
58300.0;58600.0;58000.0;576041953125;10841315;58000.0
57500.0;58200.0;57400.0;57107609375;15067012;57500.0
58400.0;60000.0;58100.0;59590546875;18685583;60000.0
60600.0;62000.0;60500.0;6147758203125;20832517;61900.0
61400.0;61500.0;60200.0;6048440625;15248261;60900.0
61800.0;62100.0;60500.0;6008713671875;16782238;60500.0
61100.0;61900.0;60700.0;61378265625;12291374;61800.0
61800.0;62200.0;61200.0;6088167578125;10261310;61300.0
60900.0;61900.0;60800.0;6068304296875;9193681;61100.0
60800.0;61900.0;60800.0;612789453125;6597211;61700.0
61300.0;61900.0;61200.0;61378265625;7320997;61800.0
62300.0;62600.0;61600.0;6147758203125;10745302;61900.0
62400.0;62600.0;61300.0;6098099609375;15093120;61400.0
61000.0;61700.0;60300.0;6088167578125;13154816;61300.0
61200.0;61900.0;61000.0;612789453125;13614895;61700.0
61600.0;61600.0;61000.0;6088167578125;10053861;61300.0
61700.0;61800.0;61200.0;610803125;9125439;61500.0
61700.0;61900.0;61200.0;610803125;9567620;61500.0
61400.0;61400.0;60600.0;6038508984375;11313150;60800.0
60600.0;60700.0;59600.0;59590546875;18251170;60000.0
58900.0;59200.0;58600.0;5869669140625;18084349;59100.0
59600.0;60000.0;59300.0;5949123046875;15141941;59900.0
59500.0;60700.0;59400.0;5978918359375;10786658;60200.0
60500.0;61600.0;60300.0;6058372265625;15036727;61000.0
61100.0;61200.0;60300.0;599878203125;9061518;60400.0
60300.0;61900.0;60000.0;610803125;16372754;61500.0
61400.0;61600.0;60600.0;6048440625;6923679;60900.0
60300.0;60400.0;59800.0;59590546875;8259865;60000.0
59000.0;59600.0;59000.0;5869669140625;9041629;59100.0
59200.0;59500.0;59000.0;5859737109375;8888486;59000.0
59200.0;59700.0;59000.0;5929259375;5767902;59700.0
60300.0;60900.0;59900.0;59590546875;9499995;60000.0
58700.0;58900.0;58600.0;582001015625;9841329;58600.0
58700.0;59000.0;58300.0;5839873828125;9690044;58800.0
58200.0;59900.0;58200.0;5929259375;14203512;59700.0
58700.0;58900.0;58300.0;5800146875;14905777;58400.0
58300.0;58600.0;57500.0;57107609375;15040310;57500.0
57400.0;57800.0;56800.0;5671033984375;11425977;57100.0
57200.0;57600.0;56900.0;5671033984375;7503086;57100.0
56700.0;56700.0;55900.0;5561784375;17384854;56000.0
56200.0;56400.0;55600.0;5522057421875;18000016;55600.0
57000.0;58500.0;56800.0;57703515625;17166581;58100.0
56200.0;57200.0;56100.0;5641238671875;12524961;56800.0
57000.0;57100.0;56000.0;5561784375;11664819;56000.0
55600.0;56400.0;55500.0;5581648046875;13456503;56200.0
56300.0;57000.0;56000.0;560151171875;12278653;56400.0
56400.0;57000.0;55800.0;554192109375;14041465;55800.0
55400.0;55500.0;55000.0;5492262109375;11863700;55300.0
54600.0;54700.0;54300.0;54028765625;12786510;54400.0
54400.0;54900.0;54200.0;5412808203125;10555964;54500.0
53700.0;54200.0;53600.0;5353217578125;15008449;53900.0
53800.0;54200.0;53500.0;5383012890625;16631289;54200.0
53900.0;54400.0;52500.0;525390;19991129;52900.0
53300.0;53700.0;52600.0;526000;13882080;52600.0
52300.0;53600.0;51800.0;531000;22503249;53100.0
55300.0;55400.0;54500.0;552000;19148435;55200.0
56900.0;57200.0;55400.0;560000;22458970;56000.0
56700.0;57300.0;56300.0;563000;14944446;56300.0
55900.0;56900.0;55200.0;562000;16886813;56200.0
54400.0;55700.0;54000.0;554000;21437877;55400.0
55700.0;57000.0;55200.0;558000;18408910;55800.0
55400.0;56100.0;55200.0;552000;13784602;55200.0
56200.0;56500.0;55800.0;563000;12924326;56300.0
55800.0;57000.0;55700.0;566000;13641878;56600.0
56700.0;57100.0;55800.0;565000;14820702;56500.0
56700.0;56900.0;55700.0;558000;12660652;55800.0
55200.0;56000.0;55100.0;555000;17107653;55500.0
55100.0;56300.0;55100.0;559000;11456060;55900.0
57000.0;57500.0;56700.0;575000;16944503;57500.0
57000.0;58600.0;57000.0;577000;17405678;57700.0
58000.0;59600.0;57700.0;594000;20824967;59400.0
59700.0;60100.0;58900.0;595000;21756712;59500.0
58900.0;59200.0;57200.0;573000;20924937;57300.0
58100.0;59900.0;58000.0;594000;18999514;59400.0
59900.0;60300.0;59500.0;600000;17201647;60000.0
59700.0;60000.0;59300.0;596000;13202919;59600.0
58600.0;59800.0;58100.0;592000;17492162;59200.0
59100.0;59500.0;58400.0;594000;12445841;59400.0
59700.0;60300.0;59400.0;602000;12437246;60200.0
60500.0;61900.0;60500.0;618000;18273898;61800.0
62000.0;62200.0;61300.0;620000;14045592;62000.0
61400.0;61500.0;60400.0;604000;21087633;60400.0
63100.0;63200.0;62300.0;629000;20037163;62900.0
62900.0;62900.0;61700.0;619000;15973416;61900.0
62200.0;62500.0;61600.0;624000;12310986;62400.0
62400.0;62700.0;61700.0;627000;12909260;62700.0
62000.0;62000.0;61300.0;614000;13298296;61400.0
61800.0;62400.0;61400.0;618000;12236503;61800.0
61400.0;61800.0;60800.0;614000;9378097;61400.0
60900.0;61200.0;60300.0;606000;9411289;60600.0
61200.0;61300.0;60700.0;610000;8765050;61000.0
61200.0;61700.0;60900.0;614000;8125010;61400.0
61400.0;61700.0;60800.0;610000;6677933;61000.0
60500.0;60500.0;59800.0;601000;8589032;60100.0
59900.0;60600.0;59800.0;606000;7014160;60600.0
60400.0;62200.0;60200.0;622000;19768903;62200.0
63100.0;63200.0;62300.0;626000;16631445;62600.0
62500.0;62500.0;60400.0;604000;15331184;60400.0
60900.0;61100.0;60000.0;603000;13767787;60300.0
59800.0;60100.0;59200.0;592000;13888300;59200.0
58800.0;59600.0;58500.0;589000;12100662;58900.0
58700.0;59200.0;58600.0;592000;12986815;59200.0
59300.0;60600.0;59300.0;604000;10529632;60400.0
59900.0;60000.0;59400.0;595000;9036472;59500.0
59600.0;60300.0;59400.0;597000;9040873;59700.0
59800.0;60600.0;59800.0;605000;8207485;60500.0
59800.0;60200.0;59300.0;593000;8716039;59300.0
58300.0;59500.0;58300.0;594000;8351655;59400.0
